Image,Original Name,Word Count Range,Sentence Number,Image Sequence,Font Size,Blur Level,Background Color
1,110-130_10_01_base_12.jpg,110-130,10,01,12,0,white
2,110-130_10_02_base_18.jpg,110-130,10,02,18,0,white
3,110-130_10_02_base_18_bg-light_yellow.jpg,110-130,10,02,18,0,light_yellow
4,110-130_10_02_base_18_bg-slate_gray.jpg,110-130,10,02,18,0,slate_gray
5,110-130_10_02_base_18_blur-0.75.jpg,110-130,10,02,18,0.75,white
6,110-130_10_02_base_18_blur-1.5.jpg,110-130,10,02,18,1.5,white
7,110-130_10_03_base_24.jpg,110-130,10,03,24,0,white
8,110-130_11_01_base_12.jpg,110-130,11,01,12,0,white
9,110-130_11_02_base_18.jpg,110-130,11,02,18,0,white
10,110-130_11_02_base_18_bg-light_yellow.jpg,110-130,11,02,18,0,light_yellow
11,110-130_11_02_base_18_bg-slate_gray.jpg,110-130,11,02,18,0,slate_gray
12,110-130_11_02_base_18_blur-0.75.jpg,110-130,11,02,18,0.75,white
13,110-130_11_02_base_18_blur-1.5.jpg,110-130,11,02,18,1.5,white
14,110-130_11_03_base_24.jpg,110-130,11,03,24,0,white
15,110-130_12_01_base_12.jpg,110-130,12,01,12,0,white
16,110-130_12_02_base_18.jpg,110-130,12,02,18,0,white
17,110-130_12_02_base_18_bg-light_yellow.jpg,110-130,12,02,18,0,light_yellow
18,110-130_12_02_base_18_bg-slate_gray.jpg,110-130,12,02,18,0,slate_gray
19,110-130_12_02_base_18_blur-0.75.jpg,110-130,12,02,18,0.75,white
20,110-130_12_02_base_18_blur-1.5.jpg,110-130,12,02,18,1.5,white
21,110-130_12_03_base_24.jpg,110-130,12,03,24,0,white
22,110-130_13_01_base_12.jpg,110-130,13,01,12,0,white
23,110-130_13_02_base_18.jpg,110-130,13,02,18,0,white
24,110-130_13_02_base_18_bg-light_yellow.jpg,110-130,13,02,18,0,light_yellow
25,110-130_13_02_base_18_bg-slate_gray.jpg,110-130,13,02,18,0,slate_gray
26,110-130_13_02_base_18_blur-0.75.jpg,110-130,13,02,18,0.75,white
27,110-130_13_02_base_18_blur-1.5.jpg,110-130,13,02,18,1.5,white
28,110-130_13_03_base_24.jpg,110-130,13,03,24,0,white
29,110-130_14_01_base_12.jpg,110-130,14,01,12,0,white
30,110-130_14_02_base_18.jpg,110-130,14,02,18,0,white
31,110-130_14_02_base_18_bg-light_yellow.jpg,110-130,14,02,18,0,light_yellow
32,110-130_14_02_base_18_bg-slate_gray.jpg,110-130,14,02,18,0,slate_gray
33,110-130_14_02_base_18_blur-0.75.jpg,110-130,14,02,18,0.75,white
34,110-130_14_02_base_18_blur-1.5.jpg,110-130,14,02,18,1.5,white
35,110-130_14_03_base_24.jpg,110-130,14,03,24,0,white
36,110-130_15_01_base_12.jpg,110-130,15,01,12,0,white
37,110-130_15_02_base_18.jpg,110-130,15,02,18,0,white
38,110-130_15_02_base_18_bg-light_yellow.jpg,110-130,15,02,18,0,light_yellow
39,110-130_15_02_base_18_bg-slate_gray.jpg,110-130,15,02,18,0,slate_gray
40,110-130_15_02_base_18_blur-0.75.jpg,110-130,15,02,18,0.75,white
41,110-130_15_02_base_18_blur-1.5.jpg,110-130,15,02,18,1.5,white
42,110-130_15_03_base_24.jpg,110-130,15,03,24,0,white
43,110-130_16_01_base_12.jpg,110-130,16,01,12,0,white
44,110-130_16_02_base_18.jpg,110-130,16,02,18,0,white
45,110-130_16_02_base_18_bg-light_yellow.jpg,110-130,16,02,18,0,light_yellow
46,110-130_16_02_base_18_bg-slate_gray.jpg,110-130,16,02,18,0,slate_gray
47,110-130_16_02_base_18_blur-0.75.jpg,110-130,16,02,18,0.75,white
48,110-130_16_02_base_18_blur-1.5.jpg,110-130,16,02,18,1.5,white
49,110-130_16_03_base_24.jpg,110-130,16,03,24,0,white
50,110-130_17_01_base_12.jpg,110-130,17,01,12,0,white
51,110-130_17_02_base_18.jpg,110-130,17,02,18,0,white
52,110-130_17_02_base_18_bg-light_yellow.jpg,110-130,17,02,18,0,light_yellow
53,110-130_17_02_base_18_bg-slate_gray.jpg,110-130,17,02,18,0,slate_gray
54,110-130_17_02_base_18_blur-0.75.jpg,110-130,17,02,18,0.75,white
55,110-130_17_02_base_18_blur-1.5.jpg,110-130,17,02,18,1.5,white
56,110-130_17_03_base_24.jpg,110-130,17,03,24,0,white
57,110-130_18_01_base_12.jpg,110-130,18,01,12,0,white
58,110-130_18_02_base_18.jpg,110-130,18,02,18,0,white
59,110-130_18_02_base_18_bg-light_yellow.jpg,110-130,18,02,18,0,light_yellow
60,110-130_18_02_base_18_bg-slate_gray.jpg,110-130,18,02,18,0,slate_gray
61,110-130_18_02_base_18_blur-0.75.jpg,110-130,18,02,18,0.75,white
62,110-130_18_02_base_18_blur-1.5.jpg,110-130,18,02,18,1.5,white
63,110-130_18_03_base_24.jpg,110-130,18,03,24,0,white
64,110-130_19_01_base_12.jpg,110-130,19,01,12,0,white
65,110-130_19_02_base_18.jpg,110-130,19,02,18,0,white
66,110-130_19_02_base_18_bg-light_yellow.jpg,110-130,19,02,18,0,light_yellow
67,110-130_19_02_base_18_bg-slate_gray.jpg,110-130,19,02,18,0,slate_gray
68,110-130_19_02_base_18_blur-0.75.jpg,110-130,19,02,18,0.75,white
69,110-130_19_02_base_18_blur-1.5.jpg,110-130,19,02,18,1.5,white
70,110-130_19_03_base_24.jpg,110-130,19,03,24,0,white
71,110-130_1_01_base_12.jpg,110-130,1,01,12,0,white
72,110-130_1_02_base_18.jpg,110-130,1,02,18,0,white
73,110-130_1_02_base_18_bg-light_yellow.jpg,110-130,1,02,18,0,light_yellow
74,110-130_1_02_base_18_bg-slate_gray.jpg,110-130,1,02,18,0,slate_gray
75,110-130_1_02_base_18_blur-0.75.jpg,110-130,1,02,18,0.75,white
76,110-130_1_02_base_18_blur-1.5.jpg,110-130,1,02,18,1.5,white
77,110-130_1_03_base_24.jpg,110-130,1,03,24,0,white
78,110-130_20_01_base_12.jpg,110-130,20,01,12,0,white
79,110-130_20_02_base_18.jpg,110-130,20,02,18,0,white
80,110-130_20_02_base_18_bg-light_yellow.jpg,110-130,20,02,18,0,light_yellow
81,110-130_20_02_base_18_bg-slate_gray.jpg,110-130,20,02,18,0,slate_gray
82,110-130_20_02_base_18_blur-0.75.jpg,110-130,20,02,18,0.75,white
83,110-130_20_02_base_18_blur-1.5.jpg,110-130,20,02,18,1.5,white
84,110-130_20_03_base_24.jpg,110-130,20,03,24,0,white
85,110-130_21_01_base_12.jpg,110-130,21,01,12,0,white
86,110-130_21_02_base_18.jpg,110-130,21,02,18,0,white
87,110-130_21_02_base_18_bg-light_yellow.jpg,110-130,21,02,18,0,light_yellow
88,110-130_21_02_base_18_bg-slate_gray.jpg,110-130,21,02,18,0,slate_gray
89,110-130_21_02_base_18_blur-0.75.jpg,110-130,21,02,18,0.75,white
90,110-130_21_02_base_18_blur-1.5.jpg,110-130,21,02,18,1.5,white
91,110-130_21_03_base_24.jpg,110-130,21,03,24,0,white
92,110-130_22_01_base_12.jpg,110-130,22,01,12,0,white
93,110-130_22_02_base_18.jpg,110-130,22,02,18,0,white
94,110-130_22_02_base_18_bg-light_yellow.jpg,110-130,22,02,18,0,light_yellow
95,110-130_22_02_base_18_bg-slate_gray.jpg,110-130,22,02,18,0,slate_gray
96,110-130_22_02_base_18_blur-0.75.jpg,110-130,22,02,18,0.75,white
97,110-130_22_02_base_18_blur-1.5.jpg,110-130,22,02,18,1.5,white
98,110-130_22_03_base_24.jpg,110-130,22,03,24,0,white
99,110-130_23_01_base_12.jpg,110-130,23,01,12,0,white
100,110-130_23_02_base_18.jpg,110-130,23,02,18,0,white
101,110-130_23_02_base_18_bg-light_yellow.jpg,110-130,23,02,18,0,light_yellow
102,110-130_23_02_base_18_bg-slate_gray.jpg,110-130,23,02,18,0,slate_gray
103,110-130_23_02_base_18_blur-0.75.jpg,110-130,23,02,18,0.75,white
104,110-130_23_02_base_18_blur-1.5.jpg,110-130,23,02,18,1.5,white
105,110-130_23_03_base_24.jpg,110-130,23,03,24,0,white
106,110-130_24_01_base_12.jpg,110-130,24,01,12,0,white
107,110-130_24_02_base_18.jpg,110-130,24,02,18,0,white
108,110-130_24_02_base_18_bg-light_yellow.jpg,110-130,24,02,18,0,light_yellow
109,110-130_24_02_base_18_bg-slate_gray.jpg,110-130,24,02,18,0,slate_gray
110,110-130_24_02_base_18_blur-0.75.jpg,110-130,24,02,18,0.75,white
111,110-130_24_02_base_18_blur-1.5.jpg,110-130,24,02,18,1.5,white
112,110-130_24_03_base_24.jpg,110-130,24,03,24,0,white
113,110-130_25_01_base_12.jpg,110-130,25,01,12,0,white
114,110-130_25_02_base_18.jpg,110-130,25,02,18,0,white
115,110-130_25_02_base_18_bg-light_yellow.jpg,110-130,25,02,18,0,light_yellow
116,110-130_25_02_base_18_bg-slate_gray.jpg,110-130,25,02,18,0,slate_gray
117,110-130_25_02_base_18_blur-0.75.jpg,110-130,25,02,18,0.75,white
118,110-130_25_02_base_18_blur-1.5.jpg,110-130,25,02,18,1.5,white
119,110-130_25_03_base_24.jpg,110-130,25,03,24,0,white
120,110-130_26_01_base_12.jpg,110-130,26,01,12,0,white
121,110-130_26_02_base_18.jpg,110-130,26,02,18,0,white
122,110-130_26_02_base_18_bg-light_yellow.jpg,110-130,26,02,18,0,light_yellow
123,110-130_26_02_base_18_bg-slate_gray.jpg,110-130,26,02,18,0,slate_gray
124,110-130_26_02_base_18_blur-0.75.jpg,110-130,26,02,18,0.75,white
125,110-130_26_02_base_18_blur-1.5.jpg,110-130,26,02,18,1.5,white
126,110-130_26_03_base_24.jpg,110-130,26,03,24,0,white
127,110-130_27_01_base_12.jpg,110-130,27,01,12,0,white
128,110-130_27_02_base_18.jpg,110-130,27,02,18,0,white
129,110-130_27_02_base_18_bg-light_yellow.jpg,110-130,27,02,18,0,light_yellow
130,110-130_27_02_base_18_bg-slate_gray.jpg,110-130,27,02,18,0,slate_gray
131,110-130_27_02_base_18_blur-0.75.jpg,110-130,27,02,18,0.75,white
132,110-130_27_02_base_18_blur-1.5.jpg,110-130,27,02,18,1.5,white
133,110-130_27_03_base_24.jpg,110-130,27,03,24,0,white
134,110-130_28_01_base_12.jpg,110-130,28,01,12,0,white
135,110-130_28_02_base_18.jpg,110-130,28,02,18,0,white
136,110-130_28_02_base_18_bg-light_yellow.jpg,110-130,28,02,18,0,light_yellow
137,110-130_28_02_base_18_bg-slate_gray.jpg,110-130,28,02,18,0,slate_gray
138,110-130_28_02_base_18_blur-0.75.jpg,110-130,28,02,18,0.75,white
139,110-130_28_02_base_18_blur-1.5.jpg,110-130,28,02,18,1.5,white
140,110-130_28_03_base_24.jpg,110-130,28,03,24,0,white
141,110-130_29_01_base_12.jpg,110-130,29,01,12,0,white
142,110-130_29_02_base_18.jpg,110-130,29,02,18,0,white
143,110-130_29_02_base_18_bg-light_yellow.jpg,110-130,29,02,18,0,light_yellow
144,110-130_29_02_base_18_bg-slate_gray.jpg,110-130,29,02,18,0,slate_gray
145,110-130_29_02_base_18_blur-0.75.jpg,110-130,29,02,18,0.75,white
146,110-130_29_02_base_18_blur-1.5.jpg,110-130,29,02,18,1.5,white
147,110-130_29_03_base_24.jpg,110-130,29,03,24,0,white
148,110-130_2_01_base_12.jpg,110-130,2,01,12,0,white
149,110-130_2_02_base_18.jpg,110-130,2,02,18,0,white
150,110-130_2_02_base_18_bg-light_yellow.jpg,110-130,2,02,18,0,light_yellow
151,110-130_2_02_base_18_bg-slate_gray.jpg,110-130,2,02,18,0,slate_gray
152,110-130_2_02_base_18_blur-0.75.jpg,110-130,2,02,18,0.75,white
153,110-130_2_02_base_18_blur-1.5.jpg,110-130,2,02,18,1.5,white
154,110-130_2_03_base_24.jpg,110-130,2,03,24,0,white
155,110-130_30_01_base_12.jpg,110-130,30,01,12,0,white
156,110-130_30_02_base_18.jpg,110-130,30,02,18,0,white
157,110-130_30_02_base_18_bg-light_yellow.jpg,110-130,30,02,18,0,light_yellow
158,110-130_30_02_base_18_bg-slate_gray.jpg,110-130,30,02,18,0,slate_gray
159,110-130_30_02_base_18_blur-0.75.jpg,110-130,30,02,18,0.75,white
160,110-130_30_02_base_18_blur-1.5.jpg,110-130,30,02,18,1.5,white
161,110-130_30_03_base_24.jpg,110-130,30,03,24,0,white
162,110-130_3_01_base_12.jpg,110-130,3,01,12,0,white
163,110-130_3_02_base_18.jpg,110-130,3,02,18,0,white
164,110-130_3_02_base_18_bg-light_yellow.jpg,110-130,3,02,18,0,light_yellow
165,110-130_3_02_base_18_bg-slate_gray.jpg,110-130,3,02,18,0,slate_gray
166,110-130_3_02_base_18_blur-0.75.jpg,110-130,3,02,18,0.75,white
167,110-130_3_02_base_18_blur-1.5.jpg,110-130,3,02,18,1.5,white
168,110-130_3_03_base_24.jpg,110-130,3,03,24,0,white
169,110-130_4_01_base_12.jpg,110-130,4,01,12,0,white
170,110-130_4_02_base_18.jpg,110-130,4,02,18,0,white
171,110-130_4_02_base_18_bg-light_yellow.jpg,110-130,4,02,18,0,light_yellow
172,110-130_4_02_base_18_bg-slate_gray.jpg,110-130,4,02,18,0,slate_gray
173,110-130_4_02_base_18_blur-0.75.jpg,110-130,4,02,18,0.75,white
174,110-130_4_02_base_18_blur-1.5.jpg,110-130,4,02,18,1.5,white
175,110-130_4_03_base_24.jpg,110-130,4,03,24,0,white
176,110-130_5_01_base_12.jpg,110-130,5,01,12,0,white
177,110-130_5_02_base_18.jpg,110-130,5,02,18,0,white
178,110-130_5_02_base_18_bg-light_yellow.jpg,110-130,5,02,18,0,light_yellow
179,110-130_5_02_base_18_bg-slate_gray.jpg,110-130,5,02,18,0,slate_gray
180,110-130_5_02_base_18_blur-0.75.jpg,110-130,5,02,18,0.75,white
181,110-130_5_02_base_18_blur-1.5.jpg,110-130,5,02,18,1.5,white
182,110-130_5_03_base_24.jpg,110-130,5,03,24,0,white
183,110-130_6_01_base_12.jpg,110-130,6,01,12,0,white
184,110-130_6_02_base_18.jpg,110-130,6,02,18,0,white
185,110-130_6_02_base_18_bg-light_yellow.jpg,110-130,6,02,18,0,light_yellow
186,110-130_6_02_base_18_bg-slate_gray.jpg,110-130,6,02,18,0,slate_gray
187,110-130_6_02_base_18_blur-0.75.jpg,110-130,6,02,18,0.75,white
188,110-130_6_02_base_18_blur-1.5.jpg,110-130,6,02,18,1.5,white
189,110-130_6_03_base_24.jpg,110-130,6,03,24,0,white
190,110-130_7_01_base_12.jpg,110-130,7,01,12,0,white
191,110-130_7_02_base_18.jpg,110-130,7,02,18,0,white
192,110-130_7_02_base_18_bg-light_yellow.jpg,110-130,7,02,18,0,light_yellow
193,110-130_7_02_base_18_bg-slate_gray.jpg,110-130,7,02,18,0,slate_gray
194,110-130_7_02_base_18_blur-0.75.jpg,110-130,7,02,18,0.75,white
195,110-130_7_02_base_18_blur-1.5.jpg,110-130,7,02,18,1.5,white
196,110-130_7_03_base_24.jpg,110-130,7,03,24,0,white
197,110-130_8_01_base_12.jpg,110-130,8,01,12,0,white
198,110-130_8_02_base_18.jpg,110-130,8,02,18,0,white
199,110-130_8_02_base_18_bg-light_yellow.jpg,110-130,8,02,18,0,light_yellow
200,110-130_8_02_base_18_bg-slate_gray.jpg,110-130,8,02,18,0,slate_gray
201,110-130_8_02_base_18_blur-0.75.jpg,110-130,8,02,18,0.75,white
202,110-130_8_02_base_18_blur-1.5.jpg,110-130,8,02,18,1.5,white
203,110-130_8_03_base_24.jpg,110-130,8,03,24,0,white
204,110-130_9_01_base_12.jpg,110-130,9,01,12,0,white
205,110-130_9_02_base_18.jpg,110-130,9,02,18,0,white
206,110-130_9_02_base_18_bg-light_yellow.jpg,110-130,9,02,18,0,light_yellow
207,110-130_9_02_base_18_bg-slate_gray.jpg,110-130,9,02,18,0,slate_gray
208,110-130_9_02_base_18_blur-0.75.jpg,110-130,9,02,18,0.75,white
209,110-130_9_02_base_18_blur-1.5.jpg,110-130,9,02,18,1.5,white
210,110-130_9_03_base_24.jpg,110-130,9,03,24,0,white
211,180-200_10_01_base_12.jpg,180-200,10,01,12,0,white
212,180-200_10_02_base_18.jpg,180-200,10,02,18,0,white
213,180-200_10_02_base_18_bg-light_yellow.jpg,180-200,10,02,18,0,light_yellow
214,180-200_10_02_base_18_bg-slate_gray.jpg,180-200,10,02,18,0,slate_gray
215,180-200_10_02_base_18_blur-0.75.jpg,180-200,10,02,18,0.75,white
216,180-200_10_02_base_18_blur-1.5.jpg,180-200,10,02,18,1.5,white
217,180-200_10_03_base_24.jpg,180-200,10,03,24,0,white
218,180-200_11_01_base_12.jpg,180-200,11,01,12,0,white
219,180-200_11_02_base_18.jpg,180-200,11,02,18,0,white
220,180-200_11_02_base_18_bg-light_yellow.jpg,180-200,11,02,18,0,light_yellow
221,180-200_11_02_base_18_bg-slate_gray.jpg,180-200,11,02,18,0,slate_gray
222,180-200_11_02_base_18_blur-0.75.jpg,180-200,11,02,18,0.75,white
223,180-200_11_02_base_18_blur-1.5.jpg,180-200,11,02,18,1.5,white
224,180-200_11_03_base_24.jpg,180-200,11,03,24,0,white
225,180-200_12_01_base_12.jpg,180-200,12,01,12,0,white
226,180-200_12_02_base_18.jpg,180-200,12,02,18,0,white
227,180-200_12_02_base_18_bg-light_yellow.jpg,180-200,12,02,18,0,light_yellow
228,180-200_12_02_base_18_bg-slate_gray.jpg,180-200,12,02,18,0,slate_gray
229,180-200_12_02_base_18_blur-0.75.jpg,180-200,12,02,18,0.75,white
230,180-200_12_02_base_18_blur-1.5.jpg,180-200,12,02,18,1.5,white
231,180-200_12_03_base_24.jpg,180-200,12,03,24,0,white
232,180-200_13_01_base_12.jpg,180-200,13,01,12,0,white
233,180-200_13_02_base_18.jpg,180-200,13,02,18,0,white
234,180-200_13_02_base_18_bg-light_yellow.jpg,180-200,13,02,18,0,light_yellow
235,180-200_13_02_base_18_bg-slate_gray.jpg,180-200,13,02,18,0,slate_gray
236,180-200_13_02_base_18_blur-0.75.jpg,180-200,13,02,18,0.75,white
237,180-200_13_02_base_18_blur-1.5.jpg,180-200,13,02,18,1.5,white
238,180-200_13_03_base_24.jpg,180-200,13,03,24,0,white
239,180-200_14_01_base_12.jpg,180-200,14,01,12,0,white
240,180-200_14_02_base_18.jpg,180-200,14,02,18,0,white
241,180-200_14_02_base_18_bg-light_yellow.jpg,180-200,14,02,18,0,light_yellow
242,180-200_14_02_base_18_bg-slate_gray.jpg,180-200,14,02,18,0,slate_gray
243,180-200_14_02_base_18_blur-0.75.jpg,180-200,14,02,18,0.75,white
244,180-200_14_02_base_18_blur-1.5.jpg,180-200,14,02,18,1.5,white
245,180-200_14_03_base_24.jpg,180-200,14,03,24,0,white
246,180-200_15_01_base_12.jpg,180-200,15,01,12,0,white
247,180-200_15_02_base_18.jpg,180-200,15,02,18,0,white
248,180-200_15_02_base_18_bg-light_yellow.jpg,180-200,15,02,18,0,light_yellow
249,180-200_15_02_base_18_bg-slate_gray.jpg,180-200,15,02,18,0,slate_gray
250,180-200_15_02_base_18_blur-0.75.jpg,180-200,15,02,18,0.75,white
251,180-200_15_02_base_18_blur-1.5.jpg,180-200,15,02,18,1.5,white
252,180-200_15_03_base_24.jpg,180-200,15,03,24,0,white
253,180-200_16_01_base_12.jpg,180-200,16,01,12,0,white
254,180-200_16_02_base_18.jpg,180-200,16,02,18,0,white
255,180-200_16_02_base_18_bg-light_yellow.jpg,180-200,16,02,18,0,light_yellow
256,180-200_16_02_base_18_bg-slate_gray.jpg,180-200,16,02,18,0,slate_gray
257,180-200_16_02_base_18_blur-0.75.jpg,180-200,16,02,18,0.75,white
258,180-200_16_02_base_18_blur-1.5.jpg,180-200,16,02,18,1.5,white
259,180-200_16_03_base_24.jpg,180-200,16,03,24,0,white
260,180-200_17_01_base_12.jpg,180-200,17,01,12,0,white
261,180-200_17_02_base_18.jpg,180-200,17,02,18,0,white
262,180-200_17_02_base_18_bg-light_yellow.jpg,180-200,17,02,18,0,light_yellow
263,180-200_17_02_base_18_bg-slate_gray.jpg,180-200,17,02,18,0,slate_gray
264,180-200_17_02_base_18_blur-0.75.jpg,180-200,17,02,18,0.75,white
265,180-200_17_02_base_18_blur-1.5.jpg,180-200,17,02,18,1.5,white
266,180-200_17_03_base_24.jpg,180-200,17,03,24,0,white
267,180-200_18_01_base_12.jpg,180-200,18,01,12,0,white
268,180-200_18_02_base_18.jpg,180-200,18,02,18,0,white
269,180-200_18_02_base_18_bg-light_yellow.jpg,180-200,18,02,18,0,light_yellow
270,180-200_18_02_base_18_bg-slate_gray.jpg,180-200,18,02,18,0,slate_gray
271,180-200_18_02_base_18_blur-0.75.jpg,180-200,18,02,18,0.75,white
272,180-200_18_02_base_18_blur-1.5.jpg,180-200,18,02,18,1.5,white
273,180-200_18_03_base_24.jpg,180-200,18,03,24,0,white
274,180-200_19_01_base_12.jpg,180-200,19,01,12,0,white
275,180-200_19_02_base_18.jpg,180-200,19,02,18,0,white
276,180-200_19_02_base_18_bg-light_yellow.jpg,180-200,19,02,18,0,light_yellow
277,180-200_19_02_base_18_bg-slate_gray.jpg,180-200,19,02,18,0,slate_gray
278,180-200_19_02_base_18_blur-0.75.jpg,180-200,19,02,18,0.75,white
279,180-200_19_02_base_18_blur-1.5.jpg,180-200,19,02,18,1.5,white
280,180-200_19_03_base_24.jpg,180-200,19,03,24,0,white
281,180-200_1_01_base_12.jpg,180-200,1,01,12,0,white
282,180-200_1_02_base_18.jpg,180-200,1,02,18,0,white
283,180-200_1_02_base_18_bg-light_yellow.jpg,180-200,1,02,18,0,light_yellow
284,180-200_1_02_base_18_bg-slate_gray.jpg,180-200,1,02,18,0,slate_gray
285,180-200_1_02_base_18_blur-0.75.jpg,180-200,1,02,18,0.75,white
286,180-200_1_02_base_18_blur-1.5.jpg,180-200,1,02,18,1.5,white
287,180-200_1_03_base_24.jpg,180-200,1,03,24,0,white
288,180-200_20_01_base_12.jpg,180-200,20,01,12,0,white
289,180-200_20_02_base_18.jpg,180-200,20,02,18,0,white
290,180-200_20_02_base_18_bg-light_yellow.jpg,180-200,20,02,18,0,light_yellow
291,180-200_20_02_base_18_bg-slate_gray.jpg,180-200,20,02,18,0,slate_gray
292,180-200_20_02_base_18_blur-0.75.jpg,180-200,20,02,18,0.75,white
293,180-200_20_02_base_18_blur-1.5.jpg,180-200,20,02,18,1.5,white
294,180-200_20_03_base_24.jpg,180-200,20,03,24,0,white
295,180-200_21_01_base_12.jpg,180-200,21,01,12,0,white
296,180-200_21_02_base_18.jpg,180-200,21,02,18,0,white
297,180-200_21_02_base_18_bg-light_yellow.jpg,180-200,21,02,18,0,light_yellow
298,180-200_21_02_base_18_bg-slate_gray.jpg,180-200,21,02,18,0,slate_gray
299,180-200_21_02_base_18_blur-0.75.jpg,180-200,21,02,18,0.75,white
300,180-200_21_02_base_18_blur-1.5.jpg,180-200,21,02,18,1.5,white
301,180-200_21_03_base_24.jpg,180-200,21,03,24,0,white
302,180-200_22_01_base_12.jpg,180-200,22,01,12,0,white
303,180-200_22_02_base_18.jpg,180-200,22,02,18,0,white
304,180-200_22_02_base_18_bg-light_yellow.jpg,180-200,22,02,18,0,light_yellow
305,180-200_22_02_base_18_bg-slate_gray.jpg,180-200,22,02,18,0,slate_gray
306,180-200_22_02_base_18_blur-0.75.jpg,180-200,22,02,18,0.75,white
307,180-200_22_02_base_18_blur-1.5.jpg,180-200,22,02,18,1.5,white
308,180-200_22_03_base_24.jpg,180-200,22,03,24,0,white
309,180-200_23_01_base_12.jpg,180-200,23,01,12,0,white
310,180-200_23_02_base_18.jpg,180-200,23,02,18,0,white
311,180-200_23_02_base_18_bg-light_yellow.jpg,180-200,23,02,18,0,light_yellow
312,180-200_23_02_base_18_bg-slate_gray.jpg,180-200,23,02,18,0,slate_gray
313,180-200_23_02_base_18_blur-0.75.jpg,180-200,23,02,18,0.75,white
314,180-200_23_02_base_18_blur-1.5.jpg,180-200,23,02,18,1.5,white
315,180-200_23_03_base_24.jpg,180-200,23,03,24,0,white
316,180-200_24_01_base_12.jpg,180-200,24,01,12,0,white
317,180-200_24_02_base_18.jpg,180-200,24,02,18,0,white
318,180-200_24_02_base_18_bg-light_yellow.jpg,180-200,24,02,18,0,light_yellow
319,180-200_24_02_base_18_bg-slate_gray.jpg,180-200,24,02,18,0,slate_gray
320,180-200_24_02_base_18_blur-0.75.jpg,180-200,24,02,18,0.75,white
321,180-200_24_02_base_18_blur-1.5.jpg,180-200,24,02,18,1.5,white
322,180-200_24_03_base_24.jpg,180-200,24,03,24,0,white
323,180-200_25_01_base_12.jpg,180-200,25,01,12,0,white
324,180-200_25_02_base_18.jpg,180-200,25,02,18,0,white
325,180-200_25_02_base_18_bg-light_yellow.jpg,180-200,25,02,18,0,light_yellow
326,180-200_25_02_base_18_bg-slate_gray.jpg,180-200,25,02,18,0,slate_gray
327,180-200_25_02_base_18_blur-0.75.jpg,180-200,25,02,18,0.75,white
328,180-200_25_02_base_18_blur-1.5.jpg,180-200,25,02,18,1.5,white
329,180-200_25_03_base_24.jpg,180-200,25,03,24,0,white
330,180-200_26_01_base_12.jpg,180-200,26,01,12,0,white
331,180-200_26_02_base_18.jpg,180-200,26,02,18,0,white
332,180-200_26_02_base_18_bg-light_yellow.jpg,180-200,26,02,18,0,light_yellow
333,180-200_26_02_base_18_bg-slate_gray.jpg,180-200,26,02,18,0,slate_gray
334,180-200_26_02_base_18_blur-0.75.jpg,180-200,26,02,18,0.75,white
335,180-200_26_02_base_18_blur-1.5.jpg,180-200,26,02,18,1.5,white
336,180-200_26_03_base_24.jpg,180-200,26,03,24,0,white
337,180-200_27_01_base_12.jpg,180-200,27,01,12,0,white
338,180-200_27_02_base_18.jpg,180-200,27,02,18,0,white
339,180-200_27_02_base_18_bg-light_yellow.jpg,180-200,27,02,18,0,light_yellow
340,180-200_27_02_base_18_bg-slate_gray.jpg,180-200,27,02,18,0,slate_gray
341,180-200_27_02_base_18_blur-0.75.jpg,180-200,27,02,18,0.75,white
342,180-200_27_02_base_18_blur-1.5.jpg,180-200,27,02,18,1.5,white
343,180-200_27_03_base_24.jpg,180-200,27,03,24,0,white
344,180-200_28_01_base_12.jpg,180-200,28,01,12,0,white
345,180-200_28_02_base_18.jpg,180-200,28,02,18,0,white
346,180-200_28_02_base_18_bg-light_yellow.jpg,180-200,28,02,18,0,light_yellow
347,180-200_28_02_base_18_bg-slate_gray.jpg,180-200,28,02,18,0,slate_gray
348,180-200_28_02_base_18_blur-0.75.jpg,180-200,28,02,18,0.75,white
349,180-200_28_02_base_18_blur-1.5.jpg,180-200,28,02,18,1.5,white
350,180-200_28_03_base_24.jpg,180-200,28,03,24,0,white
351,180-200_29_01_base_12.jpg,180-200,29,01,12,0,white
352,180-200_29_02_base_18.jpg,180-200,29,02,18,0,white
353,180-200_29_02_base_18_bg-light_yellow.jpg,180-200,29,02,18,0,light_yellow
354,180-200_29_02_base_18_bg-slate_gray.jpg,180-200,29,02,18,0,slate_gray
355,180-200_29_02_base_18_blur-0.75.jpg,180-200,29,02,18,0.75,white
356,180-200_29_02_base_18_blur-1.5.jpg,180-200,29,02,18,1.5,white
357,180-200_29_03_base_24.jpg,180-200,29,03,24,0,white
358,180-200_2_01_base_12.jpg,180-200,2,01,12,0,white
359,180-200_2_02_base_18.jpg,180-200,2,02,18,0,white
360,180-200_2_02_base_18_bg-light_yellow.jpg,180-200,2,02,18,0,light_yellow
361,180-200_2_02_base_18_bg-slate_gray.jpg,180-200,2,02,18,0,slate_gray
362,180-200_2_02_base_18_blur-0.75.jpg,180-200,2,02,18,0.75,white
363,180-200_2_02_base_18_blur-1.5.jpg,180-200,2,02,18,1.5,white
364,180-200_2_03_base_24.jpg,180-200,2,03,24,0,white
365,180-200_30_01_base_12.jpg,180-200,30,01,12,0,white
366,180-200_30_02_base_18.jpg,180-200,30,02,18,0,white
367,180-200_30_02_base_18_bg-light_yellow.jpg,180-200,30,02,18,0,light_yellow
368,180-200_30_02_base_18_bg-slate_gray.jpg,180-200,30,02,18,0,slate_gray
369,180-200_30_02_base_18_blur-0.75.jpg,180-200,30,02,18,0.75,white
370,180-200_30_02_base_18_blur-1.5.jpg,180-200,30,02,18,1.5,white
371,180-200_30_03_base_24.jpg,180-200,30,03,24,0,white
372,180-200_3_01_base_12.jpg,180-200,3,01,12,0,white
373,180-200_3_02_base_18.jpg,180-200,3,02,18,0,white
374,180-200_3_02_base_18_bg-light_yellow.jpg,180-200,3,02,18,0,light_yellow
375,180-200_3_02_base_18_bg-slate_gray.jpg,180-200,3,02,18,0,slate_gray
376,180-200_3_02_base_18_blur-0.75.jpg,180-200,3,02,18,0.75,white
377,180-200_3_02_base_18_blur-1.5.jpg,180-200,3,02,18,1.5,white
378,180-200_3_03_base_24.jpg,180-200,3,03,24,0,white
379,180-200_4_01_base_12.jpg,180-200,4,01,12,0,white
380,180-200_4_02_base_18.jpg,180-200,4,02,18,0,white
381,180-200_4_02_base_18_bg-light_yellow.jpg,180-200,4,02,18,0,light_yellow
382,180-200_4_02_base_18_bg-slate_gray.jpg,180-200,4,02,18,0,slate_gray
383,180-200_4_02_base_18_blur-0.75.jpg,180-200,4,02,18,0.75,white
384,180-200_4_02_base_18_blur-1.5.jpg,180-200,4,02,18,1.5,white
385,180-200_4_03_base_24.jpg,180-200,4,03,24,0,white
386,180-200_5_01_base_12.jpg,180-200,5,01,12,0,white
387,180-200_5_02_base_18.jpg,180-200,5,02,18,0,white
388,180-200_5_02_base_18_bg-light_yellow.jpg,180-200,5,02,18,0,light_yellow
389,180-200_5_02_base_18_bg-slate_gray.jpg,180-200,5,02,18,0,slate_gray
390,180-200_5_02_base_18_blur-0.75.jpg,180-200,5,02,18,0.75,white
391,180-200_5_02_base_18_blur-1.5.jpg,180-200,5,02,18,1.5,white
392,180-200_5_03_base_24.jpg,180-200,5,03,24,0,white
393,180-200_6_01_base_12.jpg,180-200,6,01,12,0,white
394,180-200_6_02_base_18.jpg,180-200,6,02,18,0,white
395,180-200_6_02_base_18_bg-light_yellow.jpg,180-200,6,02,18,0,light_yellow
396,180-200_6_02_base_18_bg-slate_gray.jpg,180-200,6,02,18,0,slate_gray
397,180-200_6_02_base_18_blur-0.75.jpg,180-200,6,02,18,0.75,white
398,180-200_6_02_base_18_blur-1.5.jpg,180-200,6,02,18,1.5,white
399,180-200_6_03_base_24.jpg,180-200,6,03,24,0,white
400,180-200_7_01_base_12.jpg,180-200,7,01,12,0,white
401,180-200_7_02_base_18.jpg,180-200,7,02,18,0,white
402,180-200_7_02_base_18_bg-light_yellow.jpg,180-200,7,02,18,0,light_yellow
403,180-200_7_02_base_18_bg-slate_gray.jpg,180-200,7,02,18,0,slate_gray
404,180-200_7_02_base_18_blur-0.75.jpg,180-200,7,02,18,0.75,white
405,180-200_7_02_base_18_blur-1.5.jpg,180-200,7,02,18,1.5,white
406,180-200_7_03_base_24.jpg,180-200,7,03,24,0,white
407,180-200_8_01_base_12.jpg,180-200,8,01,12,0,white
408,180-200_8_02_base_18.jpg,180-200,8,02,18,0,white
409,180-200_8_02_base_18_bg-light_yellow.jpg,180-200,8,02,18,0,light_yellow
410,180-200_8_02_base_18_bg-slate_gray.jpg,180-200,8,02,18,0,slate_gray
411,180-200_8_02_base_18_blur-0.75.jpg,180-200,8,02,18,0.75,white
412,180-200_8_02_base_18_blur-1.5.jpg,180-200,8,02,18,1.5,white
413,180-200_8_03_base_24.jpg,180-200,8,03,24,0,white
414,180-200_9_01_base_12.jpg,180-200,9,01,12,0,white
415,180-200_9_02_base_18.jpg,180-200,9,02,18,0,white
416,180-200_9_02_base_18_bg-light_yellow.jpg,180-200,9,02,18,0,light_yellow
417,180-200_9_02_base_18_bg-slate_gray.jpg,180-200,9,02,18,0,slate_gray
418,180-200_9_02_base_18_blur-0.75.jpg,180-200,9,02,18,0.75,white
419,180-200_9_02_base_18_blur-1.5.jpg,180-200,9,02,18,1.5,white
420,180-200_9_03_base_24.jpg,180-200,9,03,24,0,white
421,40-60_10_01_base_12.jpg,40-60,10,01,12,0,white
422,40-60_10_02_base_18.jpg,40-60,10,02,18,0,white
423,40-60_10_02_base_18_bg-light_yellow.jpg,40-60,10,02,18,0,light_yellow
424,40-60_10_02_base_18_bg-slate_gray.jpg,40-60,10,02,18,0,slate_gray
425,40-60_10_02_base_18_blur-0.75.jpg,40-60,10,02,18,0.75,white
426,40-60_10_02_base_18_blur-1.5.jpg,40-60,10,02,18,1.5,white
427,40-60_10_03_base_24.jpg,40-60,10,03,24,0,white
428,40-60_11_01_base_12.jpg,40-60,11,01,12,0,white
429,40-60_11_02_base_18.jpg,40-60,11,02,18,0,white
430,40-60_11_02_base_18_bg-light_yellow.jpg,40-60,11,02,18,0,light_yellow
431,40-60_11_02_base_18_bg-slate_gray.jpg,40-60,11,02,18,0,slate_gray
432,40-60_11_02_base_18_blur-0.75.jpg,40-60,11,02,18,0.75,white
433,40-60_11_02_base_18_blur-1.5.jpg,40-60,11,02,18,1.5,white
434,40-60_11_03_base_24.jpg,40-60,11,03,24,0,white
435,40-60_12_01_base_12.jpg,40-60,12,01,12,0,white
436,40-60_12_02_base_18.jpg,40-60,12,02,18,0,white
437,40-60_12_02_base_18_bg-light_yellow.jpg,40-60,12,02,18,0,light_yellow
438,40-60_12_02_base_18_bg-slate_gray.jpg,40-60,12,02,18,0,slate_gray
439,40-60_12_02_base_18_blur-0.75.jpg,40-60,12,02,18,0.75,white
440,40-60_12_02_base_18_blur-1.5.jpg,40-60,12,02,18,1.5,white
441,40-60_12_03_base_24.jpg,40-60,12,03,24,0,white
442,40-60_13_01_base_12.jpg,40-60,13,01,12,0,white
443,40-60_13_02_base_18.jpg,40-60,13,02,18,0,white
444,40-60_13_02_base_18_bg-light_yellow.jpg,40-60,13,02,18,0,light_yellow
445,40-60_13_02_base_18_bg-slate_gray.jpg,40-60,13,02,18,0,slate_gray
446,40-60_13_02_base_18_blur-0.75.jpg,40-60,13,02,18,0.75,white
447,40-60_13_02_base_18_blur-1.5.jpg,40-60,13,02,18,1.5,white
448,40-60_13_03_base_24.jpg,40-60,13,03,24,0,white
449,40-60_14_01_base_12.jpg,40-60,14,01,12,0,white
450,40-60_14_02_base_18.jpg,40-60,14,02,18,0,white
451,40-60_14_02_base_18_bg-light_yellow.jpg,40-60,14,02,18,0,light_yellow
452,40-60_14_02_base_18_bg-slate_gray.jpg,40-60,14,02,18,0,slate_gray
453,40-60_14_02_base_18_blur-0.75.jpg,40-60,14,02,18,0.75,white
454,40-60_14_02_base_18_blur-1.5.jpg,40-60,14,02,18,1.5,white
455,40-60_14_03_base_24.jpg,40-60,14,03,24,0,white
456,40-60_15_01_base_12.jpg,40-60,15,01,12,0,white
457,40-60_15_02_base_18.jpg,40-60,15,02,18,0,white
458,40-60_15_02_base_18_bg-light_yellow.jpg,40-60,15,02,18,0,light_yellow
459,40-60_15_02_base_18_bg-slate_gray.jpg,40-60,15,02,18,0,slate_gray
460,40-60_15_02_base_18_blur-0.75.jpg,40-60,15,02,18,0.75,white
461,40-60_15_02_base_18_blur-1.5.jpg,40-60,15,02,18,1.5,white
462,40-60_15_03_base_24.jpg,40-60,15,03,24,0,white
463,40-60_16_01_base_12.jpg,40-60,16,01,12,0,white
464,40-60_16_02_base_18.jpg,40-60,16,02,18,0,white
465,40-60_16_02_base_18_bg-light_yellow.jpg,40-60,16,02,18,0,light_yellow
466,40-60_16_02_base_18_bg-slate_gray.jpg,40-60,16,02,18,0,slate_gray
467,40-60_16_02_base_18_blur-0.75.jpg,40-60,16,02,18,0.75,white
468,40-60_16_02_base_18_blur-1.5.jpg,40-60,16,02,18,1.5,white
469,40-60_16_03_base_24.jpg,40-60,16,03,24,0,white
470,40-60_17_01_base_12.jpg,40-60,17,01,12,0,white
471,40-60_17_02_base_18.jpg,40-60,17,02,18,0,white
472,40-60_17_02_base_18_bg-light_yellow.jpg,40-60,17,02,18,0,light_yellow
473,40-60_17_02_base_18_bg-slate_gray.jpg,40-60,17,02,18,0,slate_gray
474,40-60_17_02_base_18_blur-0.75.jpg,40-60,17,02,18,0.75,white
475,40-60_17_02_base_18_blur-1.5.jpg,40-60,17,02,18,1.5,white
476,40-60_17_03_base_24.jpg,40-60,17,03,24,0,white
477,40-60_18_01_base_12.jpg,40-60,18,01,12,0,white
478,40-60_18_02_base_18.jpg,40-60,18,02,18,0,white
479,40-60_18_02_base_18_bg-light_yellow.jpg,40-60,18,02,18,0,light_yellow
480,40-60_18_02_base_18_bg-slate_gray.jpg,40-60,18,02,18,0,slate_gray
481,40-60_18_02_base_18_blur-0.75.jpg,40-60,18,02,18,0.75,white
482,40-60_18_02_base_18_blur-1.5.jpg,40-60,18,02,18,1.5,white
483,40-60_18_03_base_24.jpg,40-60,18,03,24,0,white
484,40-60_19_01_base_12.jpg,40-60,19,01,12,0,white
485,40-60_19_02_base_18.jpg,40-60,19,02,18,0,white
486,40-60_19_02_base_18_bg-light_yellow.jpg,40-60,19,02,18,0,light_yellow
487,40-60_19_02_base_18_bg-slate_gray.jpg,40-60,19,02,18,0,slate_gray
488,40-60_19_02_base_18_blur-0.75.jpg,40-60,19,02,18,0.75,white
489,40-60_19_02_base_18_blur-1.5.jpg,40-60,19,02,18,1.5,white
490,40-60_19_03_base_24.jpg,40-60,19,03,24,0,white
491,40-60_1_01_base_12.jpg,40-60,1,01,12,0,white
492,40-60_1_02_base_18.jpg,40-60,1,02,18,0,white
493,40-60_1_02_base_18_bg-light_yellow.jpg,40-60,1,02,18,0,light_yellow
494,40-60_1_02_base_18_bg-slate_gray.jpg,40-60,1,02,18,0,slate_gray
495,40-60_1_02_base_18_blur-0.75.jpg,40-60,1,02,18,0.75,white
496,40-60_1_02_base_18_blur-1.5.jpg,40-60,1,02,18,1.5,white
497,40-60_1_03_base_24.jpg,40-60,1,03,24,0,white
498,40-60_20_01_base_12.jpg,40-60,20,01,12,0,white
499,40-60_20_02_base_18.jpg,40-60,20,02,18,0,white
500,40-60_20_02_base_18_bg-light_yellow.jpg,40-60,20,02,18,0,light_yellow
501,40-60_20_02_base_18_bg-slate_gray.jpg,40-60,20,02,18,0,slate_gray
502,40-60_20_02_base_18_blur-0.75.jpg,40-60,20,02,18,0.75,white
503,40-60_20_02_base_18_blur-1.5.jpg,40-60,20,02,18,1.5,white
504,40-60_20_03_base_24.jpg,40-60,20,03,24,0,white
505,40-60_21_01_base_12.jpg,40-60,21,01,12,0,white
506,40-60_21_02_base_18.jpg,40-60,21,02,18,0,white
507,40-60_21_02_base_18_bg-light_yellow.jpg,40-60,21,02,18,0,light_yellow
508,40-60_21_02_base_18_bg-slate_gray.jpg,40-60,21,02,18,0,slate_gray
509,40-60_21_02_base_18_blur-0.75.jpg,40-60,21,02,18,0.75,white
510,40-60_21_02_base_18_blur-1.5.jpg,40-60,21,02,18,1.5,white
511,40-60_21_03_base_24.jpg,40-60,21,03,24,0,white
512,40-60_22_01_base_12.jpg,40-60,22,01,12,0,white
513,40-60_22_02_base_18.jpg,40-60,22,02,18,0,white
514,40-60_22_02_base_18_bg-light_yellow.jpg,40-60,22,02,18,0,light_yellow
515,40-60_22_02_base_18_bg-slate_gray.jpg,40-60,22,02,18,0,slate_gray
516,40-60_22_02_base_18_blur-0.75.jpg,40-60,22,02,18,0.75,white
517,40-60_22_02_base_18_blur-1.5.jpg,40-60,22,02,18,1.5,white
518,40-60_22_03_base_24.jpg,40-60,22,03,24,0,white
519,40-60_23_01_base_12.jpg,40-60,23,01,12,0,white
520,40-60_23_02_base_18.jpg,40-60,23,02,18,0,white
521,40-60_23_02_base_18_bg-light_yellow.jpg,40-60,23,02,18,0,light_yellow
522,40-60_23_02_base_18_bg-slate_gray.jpg,40-60,23,02,18,0,slate_gray
523,40-60_23_02_base_18_blur-0.75.jpg,40-60,23,02,18,0.75,white
524,40-60_23_02_base_18_blur-1.5.jpg,40-60,23,02,18,1.5,white
525,40-60_23_03_base_24.jpg,40-60,23,03,24,0,white
526,40-60_24_01_base_12.jpg,40-60,24,01,12,0,white
527,40-60_24_02_base_18.jpg,40-60,24,02,18,0,white
528,40-60_24_02_base_18_bg-light_yellow.jpg,40-60,24,02,18,0,light_yellow
529,40-60_24_02_base_18_bg-slate_gray.jpg,40-60,24,02,18,0,slate_gray
530,40-60_24_02_base_18_blur-0.75.jpg,40-60,24,02,18,0.75,white
531,40-60_24_02_base_18_blur-1.5.jpg,40-60,24,02,18,1.5,white
532,40-60_24_03_base_24.jpg,40-60,24,03,24,0,white
533,40-60_25_01_base_12.jpg,40-60,25,01,12,0,white
534,40-60_25_02_base_18.jpg,40-60,25,02,18,0,white
535,40-60_25_02_base_18_bg-light_yellow.jpg,40-60,25,02,18,0,light_yellow
536,40-60_25_02_base_18_bg-slate_gray.jpg,40-60,25,02,18,0,slate_gray
537,40-60_25_02_base_18_blur-0.75.jpg,40-60,25,02,18,0.75,white
538,40-60_25_02_base_18_blur-1.5.jpg,40-60,25,02,18,1.5,white
539,40-60_25_03_base_24.jpg,40-60,25,03,24,0,white
540,40-60_26_01_base_12.jpg,40-60,26,01,12,0,white
541,40-60_26_02_base_18.jpg,40-60,26,02,18,0,white
542,40-60_26_02_base_18_bg-light_yellow.jpg,40-60,26,02,18,0,light_yellow
543,40-60_26_02_base_18_bg-slate_gray.jpg,40-60,26,02,18,0,slate_gray
544,40-60_26_02_base_18_blur-0.75.jpg,40-60,26,02,18,0.75,white
545,40-60_26_02_base_18_blur-1.5.jpg,40-60,26,02,18,1.5,white
546,40-60_26_03_base_24.jpg,40-60,26,03,24,0,white
547,40-60_27_01_base_12.jpg,40-60,27,01,12,0,white
548,40-60_27_02_base_18.jpg,40-60,27,02,18,0,white
549,40-60_27_02_base_18_bg-light_yellow.jpg,40-60,27,02,18,0,light_yellow
550,40-60_27_02_base_18_bg-slate_gray.jpg,40-60,27,02,18,0,slate_gray
551,40-60_27_02_base_18_blur-0.75.jpg,40-60,27,02,18,0.75,white
552,40-60_27_02_base_18_blur-1.5.jpg,40-60,27,02,18,1.5,white
553,40-60_27_03_base_24.jpg,40-60,27,03,24,0,white
554,40-60_28_01_base_12.jpg,40-60,28,01,12,0,white
555,40-60_28_02_base_18.jpg,40-60,28,02,18,0,white
556,40-60_28_02_base_18_bg-light_yellow.jpg,40-60,28,02,18,0,light_yellow
557,40-60_28_02_base_18_bg-slate_gray.jpg,40-60,28,02,18,0,slate_gray
558,40-60_28_02_base_18_blur-0.75.jpg,40-60,28,02,18,0.75,white
559,40-60_28_02_base_18_blur-1.5.jpg,40-60,28,02,18,1.5,white
560,40-60_28_03_base_24.jpg,40-60,28,03,24,0,white
561,40-60_29_01_base_12.jpg,40-60,29,01,12,0,white
562,40-60_29_02_base_18.jpg,40-60,29,02,18,0,white
563,40-60_29_02_base_18_bg-light_yellow.jpg,40-60,29,02,18,0,light_yellow
564,40-60_29_02_base_18_bg-slate_gray.jpg,40-60,29,02,18,0,slate_gray
565,40-60_29_02_base_18_blur-0.75.jpg,40-60,29,02,18,0.75,white
566,40-60_29_02_base_18_blur-1.5.jpg,40-60,29,02,18,1.5,white
567,40-60_29_03_base_24.jpg,40-60,29,03,24,0,white
568,40-60_2_01_base_12.jpg,40-60,2,01,12,0,white
569,40-60_2_02_base_18.jpg,40-60,2,02,18,0,white
570,40-60_2_02_base_18_bg-light_yellow.jpg,40-60,2,02,18,0,light_yellow
571,40-60_2_02_base_18_bg-slate_gray.jpg,40-60,2,02,18,0,slate_gray
572,40-60_2_02_base_18_blur-0.75.jpg,40-60,2,02,18,0.75,white
573,40-60_2_02_base_18_blur-1.5.jpg,40-60,2,02,18,1.5,white
574,40-60_2_03_base_24.jpg,40-60,2,03,24,0,white
575,40-60_30_01_base_12.jpg,40-60,30,01,12,0,white
576,40-60_30_02_base_18.jpg,40-60,30,02,18,0,white
577,40-60_30_02_base_18_bg-light_yellow.jpg,40-60,30,02,18,0,light_yellow
578,40-60_30_02_base_18_bg-slate_gray.jpg,40-60,30,02,18,0,slate_gray
579,40-60_30_02_base_18_blur-0.75.jpg,40-60,30,02,18,0.75,white
580,40-60_30_02_base_18_blur-1.5.jpg,40-60,30,02,18,1.5,white
581,40-60_30_03_base_24.jpg,40-60,30,03,24,0,white
582,40-60_3_01_base_12.jpg,40-60,3,01,12,0,white
583,40-60_3_02_base_18.jpg,40-60,3,02,18,0,white
584,40-60_3_02_base_18_bg-light_yellow.jpg,40-60,3,02,18,0,light_yellow
585,40-60_3_02_base_18_bg-slate_gray.jpg,40-60,3,02,18,0,slate_gray
586,40-60_3_02_base_18_blur-0.75.jpg,40-60,3,02,18,0.75,white
587,40-60_3_02_base_18_blur-1.5.jpg,40-60,3,02,18,1.5,white
588,40-60_3_03_base_24.jpg,40-60,3,03,24,0,white
589,40-60_4_01_base_12.jpg,40-60,4,01,12,0,white
590,40-60_4_02_base_18.jpg,40-60,4,02,18,0,white
591,40-60_4_02_base_18_bg-light_yellow.jpg,40-60,4,02,18,0,light_yellow
592,40-60_4_02_base_18_bg-slate_gray.jpg,40-60,4,02,18,0,slate_gray
593,40-60_4_02_base_18_blur-0.75.jpg,40-60,4,02,18,0.75,white
594,40-60_4_02_base_18_blur-1.5.jpg,40-60,4,02,18,1.5,white
595,40-60_4_03_base_24.jpg,40-60,4,03,24,0,white
596,40-60_5_01_base_12.jpg,40-60,5,01,12,0,white
597,40-60_5_02_base_18.jpg,40-60,5,02,18,0,white
598,40-60_5_02_base_18_bg-light_yellow.jpg,40-60,5,02,18,0,light_yellow
599,40-60_5_02_base_18_bg-slate_gray.jpg,40-60,5,02,18,0,slate_gray
600,40-60_5_02_base_18_blur-0.75.jpg,40-60,5,02,18,0.75,white
601,40-60_5_02_base_18_blur-1.5.jpg,40-60,5,02,18,1.5,white
602,40-60_5_03_base_24.jpg,40-60,5,03,24,0,white
603,40-60_6_01_base_12.jpg,40-60,6,01,12,0,white
604,40-60_6_02_base_18.jpg,40-60,6,02,18,0,white
605,40-60_6_02_base_18_bg-light_yellow.jpg,40-60,6,02,18,0,light_yellow
606,40-60_6_02_base_18_bg-slate_gray.jpg,40-60,6,02,18,0,slate_gray
607,40-60_6_02_base_18_blur-0.75.jpg,40-60,6,02,18,0.75,white
608,40-60_6_02_base_18_blur-1.5.jpg,40-60,6,02,18,1.5,white
609,40-60_6_03_base_24.jpg,40-60,6,03,24,0,white
610,40-60_7_01_base_12.jpg,40-60,7,01,12,0,white
611,40-60_7_02_base_18.jpg,40-60,7,02,18,0,white
612,40-60_7_02_base_18_bg-light_yellow.jpg,40-60,7,02,18,0,light_yellow
613,40-60_7_02_base_18_bg-slate_gray.jpg,40-60,7,02,18,0,slate_gray
614,40-60_7_02_base_18_blur-0.75.jpg,40-60,7,02,18,0.75,white
615,40-60_7_02_base_18_blur-1.5.jpg,40-60,7,02,18,1.5,white
616,40-60_7_03_base_24.jpg,40-60,7,03,24,0,white
617,40-60_8_01_base_12.jpg,40-60,8,01,12,0,white
618,40-60_8_02_base_18.jpg,40-60,8,02,18,0,white
619,40-60_8_02_base_18_bg-light_yellow.jpg,40-60,8,02,18,0,light_yellow
620,40-60_8_02_base_18_bg-slate_gray.jpg,40-60,8,02,18,0,slate_gray
621,40-60_8_02_base_18_blur-0.75.jpg,40-60,8,02,18,0.75,white
622,40-60_8_02_base_18_blur-1.5.jpg,40-60,8,02,18,1.5,white
623,40-60_8_03_base_24.jpg,40-60,8,03,24,0,white
624,40-60_9_01_base_12.jpg,40-60,9,01,12,0,white
625,40-60_9_02_base_18.jpg,40-60,9,02,18,0,white
626,40-60_9_02_base_18_bg-light_yellow.jpg,40-60,9,02,18,0,light_yellow
627,40-60_9_02_base_18_bg-slate_gray.jpg,40-60,9,02,18,0,slate_gray
628,40-60_9_02_base_18_blur-0.75.jpg,40-60,9,02,18,0.75,white
629,40-60_9_02_base_18_blur-1.5.jpg,40-60,9,02,18,1.5,white
630,40-60_9_03_base_24.jpg,40-60,9,03,24,0,white
